{"Aantal Therapeuten": 1.847457627118644, "Dossier per Therapeut": 1.8714689265536724, "Dossiertoets": 0.9452212806026363, "GPE": 0.4186440677966102, "Praktijktoets": 0.9268765133171911, "STarTBack": 0.9251412429378532, "dossier per therapeut": 1.8714689265536724, "twee meetinstrumenten": 0.7657250470809793}