{"Aantal Therapeuten": 2.3333333333333335, "Dossier per Therapeut": 1.3333333333333333, "Dossiertoets": 0.9953703703703703, "GPE": 0.5555555555555555, "Praktijktoets": 1.0, "STarTBack": 0.9444444444444445, "dossier per therapeut": 1.3333333333333333, "twee meetinstrumenten": 0.5555555555555555}