{"Aantal Therapeuten": 1.6, "Dossier per Therapeut": 1.2, "Dossiertoets": 0.9640000000000001, "GPE": 0.6, "Praktijktoets": 0.9199999999999999, "STarTBack": 1.0, "twee meetinstrumenten": 0.9800000000000001}